{
  "sessions": [
    {
      "sessionKey": "session_1761619225889_9k74pd198",
      "sessionName": "tes",
      "userId": 1,
      "status": "inactive",
      "createdAt": "2025-10-28T02:40:25.889Z",
      "lastActive": "2025-10-28T02:45:29.289Z"
    },
    {
      "sessionKey": "session_1761619621384_32c64kn5n",
      "sessionName": "session_1761619621384_32c64kn5n",
      "userId": 1,
      "status": "inactive",
      "createdAt": "2025-10-28T02:49:46.060Z",
      "lastActive": "2025-10-28T02:49:46.060Z"
    }
  ]
}